,Page,Section,Paragraph ,Line (in the paragraph),errata,should be
Chap 1,1,1.1,3,1,books,book
,9,1.3,1,2,inputs,outputs
,13,1.3.3,2,3,somes example,some examples
,,,,,,
Chap 2,44,2.4.7,2,1,m = 0,m = 1
,,,,,,
Chap 3,71,3.2.3,Eq.(3.7),Eq.(3.7),superscript 'mle',MLE
,91,3.5.5,1,2,time,times
,,,,,,
Chap 4,100,4.1.2,1,4,satsifying,satisfying
,,,,,,
,,,,,,
Chap 5,173,5.5,1,3,we we,as we
,175,5.6,1,1,leaves is,leaves us
,183,5.7.2.1,3,1,than than,than
,184,5.7.2.1,Table 5.3,2,TNR=specificity,TNR=specificity
,,,,,,
Chap 7,241,Ex 7.1,1,last,we we,when we
,243,ex 7.7,c,3,can this,can do this
,,,,,,
 Chap 8,263,8.4.5,2,3,which which,in which
,,,,,,
Chap 10,313,10.2.1,1,3,distirbution,distribution
,317,10.2.4,1,2,DAG that representing,DAG representing
,318,Fig.10.6,_,_,left right,top down
,326,10.5,1,1,indepence,independence
,,,,,,
Chap 11,339,11.1,2,2,Model,Models
,339,11.1,3,4,zIL,ziL
,339,11.1,3,6,we we,we
,342,11.2.2,2,1,have to any,have to have any
,350,11.3.2,the last one,last line,optimie,opimize
,372,11.5,1,2,particuarl,particular
,,,,,,
Chap 12,386,12.1.3,2,3,unique,uniquely
,,,,,,
Chap 13,442,above 13.3.6,1st paragraph on that page,last line,seems,seem
,443,13.4.1,2,3,analytically For,analytically. For
,444,13.4.2,1st paragraph on that page,2,a long,long
,444,13.4.3,1,2,made,may
,,,,,,
Chap 14,498,above 14.5,1,2,methods,method
,,,,,,
Chap 15,523,15.2.4,4,1,likelhiood,likelihood
,538,15.4.6,1,2,are are,are
,,,,,,
Chap 16,545,16.1,3,4,can can ,can
,546,16.2.1,2,4,a an,an
,560,16.4.3,last,2,subsituting,substituting
,562,16.4.4,2,2,upate,update
,,,,,,
Chap 17,601,17.2.3.3,4,1,we we,we
,604,17.2.4,2,3,nodehelps,node helps
,,,,,,
,,,,,,
Chap 18,637,18.2.2,4,third from last,consequence of the,"consequence, the"
,648,above 18.4,1,4,so it need,so it needs
,,,,,,
,,,,,,
Chap 19,675,19.4.4.1,1,1,disadavantage,disadvantage
,,,,,,
,,,,,,
Chap 20,719,20.3.1,3,3,are explained,were explained
,,,,,,
,,,,,,
,,,,,,
Chap 21,734,21.2,last,last,bound bound,bound
,737,above 21.3,3,2,proagation,propagation
,,,,,,
Chap 22,774,22.2.4.1,2,2,strenghs,strengh
,803,22.6.3.1,2,2,sinkt,sink t
,,,,,,
Chap 23,833,23.6,1,4,are are,are
,833,23.6,2,3,Theorem 24.20,Equation 24.20
,,,,,,
,,,,,,
,,,,,,
Chap 24,852,24.3.3,2,1,spread,spreads
,871,24.6,last,3,it it,if it
,,,,,,
,,,,,,
Chap 25,901,25.5.4.1,1,2,substree,subtree
,,,,,,
,,,,,,
,,,,,,
Chap 26,919,26.4.2.2,1,2,assumtions,assumptions
,927,26.5.2,1,3,is very efficient,is not efficient
,938,26.6.6.3.1,3,10,esimated,estimated
,944,above 26.7.4,1,4,outperfomed,outperformed
,,,,,,
Chap 27,949,27.1,last but one,1,out,our
,955,27.3.1,3,3,phenomomen,phenomenon
,957,27.3.2,1,1,is discover,is to discover
,958,above 27.3.3.2,above 27.3.3.2,1,mesures,measures
,960,27.3.4,below Eq.(27.36),2,compute,computed
,961,27.3.5,Figure 27.8,3,means word the word,means the word
,967,27.4.2,1,2,(Section 18.3.1),(Section 18.3.2)
,987,above27.7,1,6,not rate,not to rate
,996,27.7.3.1,1,2,models,model
,996,27.7.3.1,1,5,form,for
,,,,,,
Chap 28,1007,28.4.3,1,1,sucess,success